{"cameraMode":{"drawMode":0,"name":"Shaded","section":"Shading Mode"},"sceneLighting":false,"audioPlay":false,"sceneViewState":{"showFog":true,"showMaterialUpdate":true,"showSkybox":true,"showFlares":true,"showImageEffects":true,"showParticleSystems":true},"in2DMode":false,"pivot":{"x":0.10932207107543946,"y":0.4011268615722656,"z":1.3531943559646607},"rotation":{"x":-0.2722364068031311,"y":-0.5510855913162231,"z":0.1963719129562378,"w":-0.7639756798744202},"size":4.368890762329102,"orthographic":false}