{"cameraMode":{"drawMode":0,"name":"Shaded","section":"Shading Mode"},"sceneLighting":false,"audioPlay":false,"sceneViewState":{"showFog":true,"showMaterialUpdate":true,"showSkybox":true,"showFlares":true,"showImageEffects":true,"showParticleSystems":true},"in2DMode":false,"pivot":{"x":-1.5482189655303956,"y":0.7386637926101685,"z":2.8726449012756349},"rotation":{"x":0.10510984063148499,"y":-0.013116604648530484,"z":0.001379211898893118,"w":0.9943889379501343},"size":5.413805961608887,"orthographic":false}