{"cameraMode":{"drawMode":0,"name":"Shaded","section":"Shading Mode"},"sceneLighting":true,"audioPlay":false,"sceneViewState":{"showFog":true,"showMaterialUpdate":true,"showSkybox":true,"showFlares":true,"showImageEffects":true,"showParticleSystems":true},"in2DMode":false,"pivot":{"x":0.12709710001945496,"y":-4.029070854187012,"z":12.037508964538575},"rotation":{"x":-0.21901646256446839,"y":-0.00819876603782177,"z":0.0018392655765637756,"w":-0.9756973385810852},"size":16.36835479736328,"orthographic":false}